No,food_name,amount
1,チャオ　すごい乳酸菌　クランキー　超小粒　チキン味,0.072
2,チャオ　すごい乳酸菌　クランキー　超小粒　かつお節味,0.072
3,チャオ　すごい乳酸菌　クランキー　超小粒　まぐろ節味,0.072
4,チャオ　ちゅ～る和え　190g　まぐろ節ミックス味　小魚入り,0.19
5,チャオ　ちゅ～る和え　190g　チキンミックス味　まぐろチップ入り,0.19
6,チャオ　クランキー　ちゅ～る和え　190ｇかつお節ミックス味,0.19
7,チャオ　ちゅ～る和え　190ｇまぐろ節ミックス味,0.19
8,チャオ　すごい乳酸菌　クランキー　子ねこ用　まぐろ節味,0.76
9,チャオ　すごい乳酸菌　クランキー　子ねこ用　まぐろ節味,1.52
10,チャオ　すごい乳酸菌　クランキー　本格鰹だし味,0.76
11,チャオ　すごい乳酸菌　クランキー　本格鰹だし味,1.52
12,チャオ　すごい乳酸菌　クランキー　ほたて味,0.76
13,チャオ　すごい乳酸菌　クランキー　ほたて味,1.52
14,チャオ　すごい乳酸菌　クランキー　チキン味,0.76
15,チャオ　すごい乳酸菌　クランキー　チキン味,1.52
16,チャオ　すごい乳酸菌　クランキー　かつお節味,0.76
17,チャオ　すごい乳酸菌　クランキー　かつお節味,1.52
18,チャオ　すごい乳酸菌　クランキー　まぐろ節味,0.76
19,チャオ　すごい乳酸菌　クランキー　まぐろ節味,1.52
20,チャオ　Cozy　Life（コージーライフ）　クランキー　子ねこ用　まぐろ節味,0.76
21,チャオ　Cozy　Life（コージーライフ）　クランキー　本格鰹だし味,0.76
22,チャオ　Cozy　Life（コージーライフ）　クランキー　ほたて味,0.76
23,チャオ　Cozy　Life（コージーライフ）　クランキー　チキン味,0.76
24,チャオ　Cozy　Life（コージーライフ）　クランキー　チキン味,1.52
25,チャオ　Cozy　Life（コージーライフ）　クランキー　かつお節味,0.76
26,チャオ　Cozy　Life（コージーライフ）　クランキー　かつお節味,1.52
27,チャオ　Cozy　Life（コージーライフ）　クランキー　まぐろ節味,0.76
28,チャオ　Cozy　Life（コージーライフ）　クランキー　まぐろ節味,1.52
29,いなば　金のだし　ドライ　かつおだし味,1
30,いなば　金のだし　ドライ　まぐろだし味,1
31,チャオ　Cozy　Life（コージーライフ）　クランキー　BOX　まぐろ・チキンバラエティ,0.2
32,チャオ　Cozy　Life（コージーライフ）　クランキー　BOX　まぐろ節・かつお節バラエティ,0.2
33,チャオ　Cozy　Life（コージーライフ）　クランキー　BOX　チキンミックス味,0.2
34,チャオ　Cozy　Life（コージーライフ）　クランキー　BOX　まぐろ節ミックス味,0.2
35,チャオ　すごいカテキン　クランキー　まぐろ節・かつお節バラエティ,0.2
36,チャオ　すごいカテキン　クランキー　チキンバラエティ,0.2
37,チャオ　すごいカテキン　クランキー　かつお節バラエティ,0.2
38,チャオ　すごいカテキン　クランキー　まぐろ節バラエティ,0.2
39,チャオ　すごい乳酸菌　すごい乳酸菌クランキー　シーフードバラエティ,0.2
40,チャオ　すごい乳酸菌　すごい乳酸菌クランキー　まぐろ節・かつお節バラエティ,0.2
41,チャオ　すごい乳酸菌　すごい乳酸菌クランキー　チキンバラエティ,0.2
42,チャオ　すごい乳酸菌　すごい乳酸菌クランキー　かつお節バラエティ,0.2
43,チャオ　すごい乳酸菌　すごい乳酸菌クランキー　まぐろ節バラエティ,0.2
44,チャオ　すごい乳酸菌　すごい乳酸菌クランキー　子ねこ用　まぐろ節ミックス味,0.2
45,チャオ　すごい乳酸菌　すごい乳酸菌クランキー　本格鰹だし味,0.2
46,チャオ　すごい乳酸菌　すごい乳酸菌クランキー　かつお節ミックス味,0.2
47,チャオ　すごい乳酸菌　すごい乳酸菌クランキー　まぐろ節ミックス味,0.2
48,チャオ　すごい乳酸菌　クランキー牛乳パック　チキン味,0.4
49,チャオ　すごい乳酸菌　クランキー牛乳パック　ほたて味,0.4
50,チャオ　すごい乳酸菌　クランキー牛乳パック　かつお節味,0.4
51,チャオ　すごい乳酸菌　クランキー牛乳パック　まぐろ節味,0.4
52,チャオ　クランキー　500gかつお節入り　チキンミックス味,0.5
53,チャオ　すごい乳酸菌　クランキー　500gかつお節入り　かつおミックス味,0.5
54,チャオ　すごい乳酸菌　クランキー　500gかつお節入り　まぐろミックス味,0.5
55,ビューティープロ　キャット　子猫用　１２ヵ月頃まで,0.6
56,ビューティープロ　キャット　子猫用　１２ヵ月頃まで,1.5
57,ビューティープロ　キャット　成猫用　１歳から,0.6
58,ビューティープロ　キャット　成猫用　１歳から,1.5
59,ビューティープロ　キャット　成猫用　１歳から　チキン味,1.5
60,ビューティープロ　キャット　避妊・去勢後用,0.56
61,ビューティープロ　キャット　避妊・去勢後用,1.4
62,ビューティープロ　キャット　下部尿路の健康維持　１歳から,0.56
63,ビューティープロ　キャット　下部尿路の健康維持　１歳から,1.4
64,ビューティープロ　キャット　下部尿路の健康維持　１歳から,2.7
65,ビューティープロ　キャット　下部尿路の健康維持　１歳から　チキン味,1.4
66,ビューティープロ　キャット　下部尿路の健康維持　１１歳以上,0.56
67,ビューティープロ　キャット　下部尿路の健康維持　１１歳以上,1.4
68,ビューティープロ　キャット　下部尿路の健康維持　１１歳以上,2.7
69,ビューティープロ　キャット　下部尿路の健康維持　低脂肪　１歳から,0.56
70,ビューティープロ　キャット　下部尿路の健康維持　低脂肪　１歳から,1.4
71,ビューティープロ　キャット　下部尿路の健康維持　低脂肪　１歳から,2.7
72,ビューティープロ　キャット　下部尿路の健康維持　低脂肪　１歳から　チキン味,1.4
73,ビューティープロ　キャット　腎臓の健康維持　８歳以上,0.56
74,ビューティープロ　キャット　腎臓の健康維持　８歳以上,1.4
75,ビューティープロ　キャット　腎臓の健康維持　１５歳以上,0.56
76,ビューティープロ　キャット　腎臓の健康維持　１５歳以上,1.4
77,ビューティープロ　キャット　腎臓の健康維持　１５歳以上,2.7
78,コンボ　キャット　シーフードアソート,0.6
79,コンボ　キャット　かつお節入りアソート,0.6
80,コンボ　キャット　下部尿路の健康維持アソート,0.6
81,コンボ　キャット　毛玉対応アソート,0.6
82,コンボ　キャット　１１歳以上　毛玉対応アソート,0.6
83,コンボ　キャット　１５歳以上　毛玉対応アソート,0.6
84,コンボ　キャット　子ねこ用　ミルクチップ添え,0.6
85,コンボ　キャット　まぐろ味・カニカマ・小魚添え,0.7
86,コンボ　キャット　まぐろ味・かつお節・小魚添え,0.7
87,コンボ　キャット　かつお味・鮭チップ・かつお節添え,0.7
88,コンボ　キャット　まぐろ味・熟成かつお添え,0.6
89,コンボ　キャット　肥満が気になる猫用　まぐろ味・かつお節・小魚添え,0.7
90,コンボ　キャット　下部尿路の健康維持,0.6
91,コンボ　キャット　腎臓の健康維持,0.6
92,コンボ　キャット　毛玉対応　まぐろ味・ささみチップ・かつお節添え,0.7
93,コンボ　キャット　毛玉対応　かつお味・かつおチップ・小魚添え,0.7
94,コンボ　キャット　毛玉対応１１歳以上　かつお味・かつおチップ・かつお節添え,0.6
95,コンボ　キャット　毛玉対応１５歳以上　かつお味・焼きタラチップ・ちりめん添え,0.6
96,コンボ　ピュア　キャット　まぐろ味・鶏肉・かつお節添え,0.2
97,コンボ　ピュア　キャット　まぐろ味・鶏肉・小魚添え,0.2
98,コンボ　ピュア　キャット　まぐろ味・角切りまぐろ・かつお節添え,0.2
99,コンボ　ピュア　キャット　避妊・去勢後用　まぐろ味・鶏肉・かつお節添え,0.2
100,コンボ　ピュア　キャット　毛玉排出サポート　まぐろ味・鶏肉・かつお節添え,0.2
101,コンボ　ピュア　キャット　１５歳以上用　まぐろ味・鶏肉・かつお節添え,0.2
102,ラシーネ　日本猫,0.6
103,ラシーネ　肥満が気になる日本猫,0.6
104,ラシーネ　アメリカン・ショートヘア,0.6
105,ラシーネ　スコティッシュ・フォールド,0.6
106,ラシーネ　マンチカン,0.6
107,ラシーネ　シャム,0.6
108,ラシーネ　ロシアン・ブルー,0.6
109,ラシーネ　ペルシャ,0.6
110,ラシーネ　メイン・クーン,0.6
111,ミオドライミックス　子ねこ用　お肉とお魚ミックス味,1
112,ミオドライミックス　まぐろ味,1
113,ミオドライミックス　かつお味,1
114,ミオドライミックス　お肉とお魚ミックス味,1
115,ミオドライミックス　毛玉対応　かつお味,1
116,ミオドライミックス　毛玉対応　１１歳以上　かつお味,1
117,モンプチ　バッグ　5種のフィッシュブレンド,0.6
118,モンプチ　バッグ　5種のシーフードブレンド,0.6
119,モンプチ　バッグ　毛玉ケア　5種のブレンド,0.6
120,モンプチ　バッグ　5種のお腹にやさしいブレンド,0.6
121,モンプチ　バッグ　5種の贅沢グリルブレンド,0.6
122,モンプチ　バッグ　子ねこ　1歳まで　5種のブレンド,0.6
123,モンプチ　バッグ　15歳以上用　5種のブレンド,0.6
124,モンプチ　ボックス　7種のブレンド　（小魚入り）,0.24
125,モンプチ　ボックス　7種のブレンド　（かつお節入り）,0.24
126,モンプチ　ボックス　7種のブレンド　（しらす入り）,0.24
127,モンプチ　ボックス　毛玉ケア　7種のブレンド　（かつお節入り）,0.24
128,モンプチ　バッグ　ナチュラル　毛玉ケア　ターキー入りチキンの贅沢,0.5
129,モンプチ　バッグ　ナチュラル　サーモン入りチキンの贅沢,0.5
130,モンプチ　バッグ　ナチュラル　天然お魚の贅沢,0.5
131,モンプチ　バッグ　ナチュラル　新鮮若鶏の贅沢,0.5
132,モンプチ　バッグ　ナチュラル　白身魚とチキンの贅沢,0.5
133,ピュリナワン　1歳までの子ねこ用／妊娠・授乳期の母猫用　チキン,0.8
134,ピュリナワン　1歳までの子ねこ用／妊娠・授乳期の母猫用　チキン,2
135,ピュリナワン　1歳までの子ねこ用／妊娠・授乳期の母猫用　チキン,4.4
136,ピュリナワン　1歳以上　美味を求める成猫用　チキン,2
137,ピュリナワン　1歳以上　美味を求める成猫用　チキン,4.4
138,ピュリナワン　1歳以上　美味を求める成猫用　サーモン&ツナ,2
139,ピュリナワン　1歳以上　美味を求める成猫用　サーモン&ツナ,3.4
140,ピュリナワン　避妊・去勢後から全ての年齢に　避妊・去勢した猫の体重ケア　チキン,0.8
141,ピュリナワン　避妊・去勢後から全ての年齢に　避妊・去勢した猫の体重ケア　チキン,2
142,ピュリナワン　避妊・去勢後から全ての年齢に　避妊・去勢した猫の体重ケア　チキン,3.4
143,ピュリナワン　避妊・去勢後から全ての年齢に　避妊・去勢した猫の体重ケア　チキン,4.4
144,ピュリナワン　避妊・去勢後から全ての年齢に　避妊・去勢した猫の体重ケア　サーモン&ツナ,2
145,ピュリナワン　避妊・去勢後から全ての年齢に　避妊・去勢した猫の体重ケア　サーモン&ツナ,4.4
146,ピュリナワン　1歳以上　室内飼い猫用　インドアキャット　チキン,2
147,ピュリナワン　1歳以上　室内飼い猫用　インドアキャット　チキン,4.4
148,ピュリナワン　1歳以上　室内飼い猫用　インドアキャット　サーモン&ツナ,0.8
149,ピュリナワン　1歳以上　室内飼い猫用　インドアキャット　サーモン&ツナ,2
150,ピュリナワン　1歳以上　室内飼い猫用　インドアキャット　サーモン&ツナ,4.4
151,ピュリナワン　1歳以上　下部尿路の健康維持　F.L.U.T.H.ケア　チキン,2
152,ピュリナワン　1歳以上　下部尿路の健康維持　F.L.U.T.H.ケア　チキン,3.4
153,ピュリナワン　1歳以上　下部尿路の健康維持　F.L.U.T.H.ケア　サーモン&ツナ,2
154,ピュリナワン　1歳以上　下部尿路の健康維持　F.L.U.T.H.ケア　サーモン&ツナ,4.4
155,ピュリナワン　太りやすい猫用　1歳以上　メタボリック　エネルギーコントロール　チキン,2
156,ピュリナワン　太りやすい猫用　1歳以上　メタボリック　エネルギーコントロール　チキン,3.4
157,ピュリナワン　太りやすい猫用　1歳以上　メタボリック　エネルギーコントロール　チキン,4.4
158,ピュリナワン　1歳から全ての年齢に　グレインフリー（穀物不使用）　チキン,1.6
159,ピュリナワン　1歳から全ての年齢に　グレインフリー（穀物不使用）　白身魚,1.6
160,ピュリナワン　7歳以上　健康マルチケア　チキン,2
161,ピュリナワン　11歳以上　健康マルチケア　チキン,2
162,ピュリナワン　11歳以上　健康マルチケア　チキン,4.4
163,ピュリナワン　15歳以上　健康マルチケア　チキン,2
164,ピュリナワン　11歳以上　優しく腎臓の健康サポート　チキン,2.2
165,ピュリナ　プロプラン　6ヶ月までの子猫用　サーモン&ツナ,1.5
166,ピュリナ　プロプラン　子猫用　チキン,1.5
167,ピュリナ　プロプラン　避妊・去勢した　猫の体重ケア　サーモン&ツナ,1.5
168,ピュリナ　プロプラン　美味を求める成猫用　サーモン,1.5
169,ピュリナ　プロプラン　室内飼い猫の毛玉ケア　チキン,1.5
170,ピュリナ　プロプラン　尿路の健康ケア　チキン,1.5
171,ピュリナ　プロプラン　7歳以上の成猫用　サーモン&ツナ,1.5
172,ヒルズ　サイエンス・ダイエット　避妊・去勢後~6歳　チキン（避妊・去勢猫用）,0.2
173,ヒルズ　サイエンス・ダイエット　避妊・去勢後~6歳　チキン（避妊・去勢猫用）,1.8
174,ヒルズ　サイエンス・ダイエット　避妊・去勢後~6歳　チキン（避妊・去勢猫用）,2.8
175,ヒルズ　サイエンス・ダイエット　腸の健康サポートプラス　1歳以上の成猫・高齢猫用　チキン　ドライフード,0.2
176,ヒルズ　サイエンス・ダイエット　腸の健康サポートプラス　1歳以上の成猫・高齢猫用　チキン　ドライフード,1.6
177,ヒルズ　サイエンス・ダイエット　腸の健康サポートプラス　1歳以上の成猫・高齢猫用　チキン　ドライフード,2.5
178,ヒルズ　サイエンス・ダイエット　シニア　14歳以上　高齢猫用　チキン（シニア　アドバンスド）,0.8
179,ヒルズ　サイエンス・ダイエット　シニア　14歳以上　高齢猫用　チキン（シニア　アドバンスド）,1.8
180,ヒルズ　サイエンス・ダイエット　シニア　14歳以上　高齢猫用　チキン（シニア　アドバンスド）,2.8
181,ヒルズ　サイエンス・ダイエット　アダルト　ライト　1~6歳　肥満傾向の成猫用　まぐろ,0.8
182,ヒルズ　サイエンス・ダイエット　アダルト　ライト　1~6歳　肥満傾向の成猫用　まぐろ,1.8
183,ヒルズ　サイエンス・ダイエット　キトン　12ヶ月まで　子猫用／妊娠・授乳期の母猫にも　まぐろ,0.8
184,ヒルズ　サイエンス・ダイエット　キトン　12ヶ月まで　子猫用／妊娠・授乳期の母猫にも　まぐろ,1.8
185,ヒルズ　サイエンス・ダイエット　キトン　12ヶ月まで　子猫用／妊娠・授乳期の母猫にも　チキン,0.8
186,ヒルズ　サイエンス・ダイエット　キトン　12ヶ月まで　子猫用／妊娠・授乳期の母猫にも　チキン,1.8
187,ヒルズ　サイエンス・ダイエット　シニア　11歳以上　高齢猫用　チキン（シニアプラス）,0.8
188,ヒルズ　サイエンス・ダイエット　シニア　11歳以上　高齢猫用　チキン（シニアプラス）,1.8
189,ヒルズ　サイエンス・ダイエット　シニア　11歳以上　高齢猫用　チキン（シニアプラス）,2.8
190,ヒルズ　サイエンス・ダイエット　シニア　7歳以上　高齢猫用　まぐろ,0.8
191,ヒルズ　サイエンス・ダイエット　シニア　7歳以上　高齢猫用　まぐろ,1.8
192,ヒルズ　サイエンス・ダイエット　シニア　ライト　7歳以上　肥満傾向の高齢猫用　チキン,0.8
193,ヒルズ　サイエンス・ダイエット　シニア　ライト　7歳以上　肥満傾向の高齢猫用　チキン,1.8
194,ヒルズ　サイエンス・ダイエット　シニア　ライト　7歳以上　肥満傾向の高齢猫用　チキン,2.8
195,ヒルズ　サイエンス・ダイエット　シニア　7歳以上　高齢猫用　チキン,0.4
196,ヒルズ　サイエンス・ダイエット　シニア　7歳以上　高齢猫用　チキン,0.8
197,ヒルズ　サイエンス・ダイエット　シニア　7歳以上　高齢猫用　チキン,1.8
198,ヒルズ　サイエンス・ダイエット　シニア　7歳以上　高齢猫用　チキン,2.8
199,ヒルズ　サイエンス・ダイエット　アダルト　1~6歳　成猫用　チキン,0.4
200,ヒルズ　サイエンス・ダイエット　アダルト　1~6歳　成猫用　チキン,0.8
201,ヒルズ　サイエンス・ダイエット　アダルト　1~6歳　成猫用　チキン,1.8
202,ヒルズ　サイエンス・ダイエット　アダルト　1~6歳　成猫用　チキン,2.8
203,ヒルズ　サイエンス・ダイエット　アダルト　ライト　1~6歳　肥満傾向の成猫用　チキン,0.8
204,ヒルズ　サイエンス・ダイエット　アダルト　ライト　1~6歳　肥満傾向の成猫用　チキン,1.8
205,ヒルズ　サイエンス・ダイエット　アダルト　ライト　1~6歳　肥満傾向の成猫用　チキン,2.8
206,ヒルズ　サイエンス・ダイエット　アダルト　1~6歳　成猫用　まぐろ,0.8
207,ヒルズ　サイエンス・ダイエット　アダルト　1~6歳　成猫用　まぐろ,1.8
208,ヒルズ　サイエンス・ダイエット　室内猫の毛玉・体重ケア　アダルト　1~6歳　成猫用　チキン（インドアキャット　アダルト）,0.2
209,ヒルズ　サイエンス・ダイエット　室内猫の毛玉・体重ケア　アダルト　1~6歳　成猫用　チキン（インドアキャット　アダルト）,1.8
210,ヒルズ　サイエンス・ダイエット　室内猫の毛玉・体重ケア　アダルト　1~6歳　成猫用　チキン（インドアキャット　アダルト）,2.8
211,ヒルズ　サイエンス・ダイエット　室内猫の毛玉・体重ケア　シニア　7歳以上　高齢猫用　チキン（インドアキャット　シニア）,1.8
212,ヒルズ　サイエンス・ダイエット　室内猫の毛玉・体重ケア　シニア　7歳以上　高齢猫用　チキン（インドアキャット　シニア）,2.8
213,ヒルズ　サイエンス・ダイエット　尿路の健康サポート　避妊・去勢猫用　1歳以上の成猫・高齢猫用　チキン,0.2
214,ヒルズ　サイエンス・ダイエット　尿路の健康サポート　避妊・去勢猫用　1歳以上の成猫・高齢猫用　チキン,1.6
215,ヒルズ　サイエンス・ダイエット　尿路の健康サポート　避妊・去勢猫用　1歳以上の成猫・高齢猫用　チキン,2.5
216,ヒルズ　サイエンス・ダイエット　敏感なお腹と皮膚の健康サポート　1歳以上の成猫・高齢猫用　チキン,1.6
217,ヒルズ　サイエンス・ダイエット　敏感なお腹と皮膚の健康サポート　1歳以上の成猫・高齢猫用　チキン,2.5
218,ヒルズ　サイエンス・ダイエット　避妊・去勢後~6歳　まぐろ（避妊・去勢猫用）,1.8
219,ヒルズ　サイエンス・ダイエット　避妊・去勢後~6歳　まぐろ（避妊・去勢猫用）,2.8
220,ヒルズ　サイエンス・ダイエット　減量サポート　1歳以上の成猫・高齢猫用　チキン,1.6
221,ヒルズ　サイエンス・ダイエット　減量サポート　1歳以上の成猫・高齢猫用　チキン,2.5
222,ヒルズ　サイエンス・ダイエット〈プロ〉　猫用　毛玉排出・便通サポート機能　7歳以上,1.5
223,ヒルズ　サイエンス・ダイエット〈プロ〉　猫用　毛玉排出・便通サポート機能　7歳以上,3
224,ヒルズ　サイエンス・ダイエット〈プロ〉　猫用　シニアトータルケア機能　7歳以上,1.5
225,ヒルズ　サイエンス・ダイエット〈プロ〉　猫用　腎臓・心臓サポート機能　7歳以上,1.5
226,ヒルズ　サイエンス・ダイエット〈プロ〉　猫用　腎臓・心臓サポート機能　7歳以上,3
227,ヒルズ　サイエンス・ダイエット〈プロ〉　猫用　毛玉排出・便通サポート機能　1～6歳,1.5
228,ヒルズ　サイエンス・ダイエット〈プロ〉　猫用　毛玉排出・便通サポート機能　1～6歳,3
229,ヒルズ　サイエンス・ダイエット〈プロ〉　猫用　避妊・去勢後ケア機能　避妊・去勢後～,1.5
230,ヒルズ　サイエンス・ダイエット〈プロ〉　猫用　避妊・去勢後ケア機能　避妊・去勢後～,3
231,ヒルズ　サイエンス・ダイエット〈プロ〉　猫用　体重管理機能　1～6歳,1.5
232,ヒルズ　サイエンス・ダイエット〈プロ〉　猫用　体重管理機能　1～6歳,3
233,ヒルズ　サイエンス・ダイエット〈プロ〉　猫用　毎日の活力維持機能　1～6歳,1.5
234,ヒルズ　サイエンス・ダイエット〈プロ〉　猫用　毎日の活力維持機能　1～6歳,3
235,ヒルズ　サイエンス・ダイエット〈プロ〉　猫用　発育サポート機能　子猫12ヶ月まで／妊娠・授乳期,0.3
236,ヒルズ　サイエンス・ダイエット〈プロ〉　猫用　発育サポート機能　子猫12ヶ月まで／妊娠・授乳期,1.5
237,ヒルズ　プリスクリプション・ダイエット（特別療法食）　〈猫用〉　m/d　エムディー　ドライ,2
238,ヒルズ　プリスクリプション・ダイエット（特別療法食）　〈猫用〉　k/d　ケイディー　ツナ　ドライ,0.5
239,ヒルズ　プリスクリプション・ダイエット（特別療法食）　〈猫用〉　k/d　ケイディー　ツナ　ドライ,2
240,ヒルズ　プリスクリプション・ダイエット（特別療法食）　〈猫用〉c/dマルチケア　コンフォート+メタボリックス　ドライ,0.5
241,ヒルズ　プリスクリプション・ダイエット（特別療法食）　〈猫用〉c/dマルチケア　コンフォート+メタボリックス　ドライ,2
242,ヒルズ　プリスクリプション・ダイエット（特別療法食）　〈猫用〉c/dマルチケア　コンフォート+メタボリックス　ドライ,4
243,ヒルズ　プリスクリプション・ダイエット（特別療法食）　〈猫用〉　s/d　エスディー　ドライ,0.5
244,ヒルズ　プリスクリプション・ダイエット（特別療法食）　〈猫用〉　s/d　エスディー　ドライ,2
245,ヒルズ　プリスクリプション・ダイエット（特別療法食）　〈猫用〉　r/d　アールディー　ドライ,0.5
246,ヒルズ　プリスクリプション・ダイエット（特別療法食）　〈猫用〉　r/d　アールディー　ドライ,2
247,ヒルズ　プリスクリプション・ダイエット（特別療法食）　〈猫用〉　r/d　アールディー　ドライ,4
248,ヒルズ　プリスクリプション・ダイエット（特別療法食）　〈猫用〉　y/d　ワイディー　ドライ,2
249,ヒルズ　プリスクリプション・ダイエット（特別療法食）　〈猫用〉　t/d　ティーディー　ドライ,0.4
250,ヒルズ　プリスクリプション・ダイエット（特別療法食）　〈猫用〉　z/d　ゼッドディー　ドライ,0.5
251,ヒルズ　プリスクリプション・ダイエット（特別療法食）　〈猫用〉　z/d　ゼッドディー　ドライ,2
252,ヒルズ　プリスクリプション・ダイエット（特別療法食）　〈猫用〉　w/d　ダブリューディー　ドライ,0.5
253,ヒルズ　プリスクリプション・ダイエット（特別療法食）　〈猫用〉　w/d　ダブリューディー　ドライ,2
254,ヒルズ　プリスクリプション・ダイエット（特別療法食）　〈猫用〉　w/d　ダブリューディー　ドライ,4
255,ヒルズ　プリスクリプション・ダイエット（特別療法食）　〈猫用〉　腸内バイオーム　ドライ,0.5
256,ヒルズ　プリスクリプション・ダイエット（特別療法食）　〈猫用〉　腸内バイオーム　ドライ,2
257,ヒルズ　プリスクリプション・ダイエット（特別療法食）　〈猫用〉　k/d　ケイディー　早期アシスト　チキン　ドライ,0.5
258,ヒルズ　プリスクリプション・ダイエット（特別療法食）　〈猫用〉　k/d　ケイディー　早期アシスト　チキン　ドライ,2
259,ヒルズ　プリスクリプション・ダイエット（特別療法食）　〈猫用〉　k/d　ケイディー　チキン　ドライ,0.5
260,ヒルズ　プリスクリプション・ダイエット（特別療法食）　〈猫用〉　k/d　ケイディー　チキン　ドライ,2
261,ヒルズ　プリスクリプション・ダイエット（特別療法食）　〈猫用〉　k/d　ケイディー　チキン　ドライ,4
262,ヒルズ　プリスクリプション・ダイエット（特別療法食）　〈猫用〉　c/d　シーディー　マルチケア　コンフォート　チキン　ドライ,0.5
263,ヒルズ　プリスクリプション・ダイエット（特別療法食）　〈猫用〉　c/d　シーディー　マルチケア　コンフォート　チキン　ドライ,2
264,ヒルズ　プリスクリプション・ダイエット（特別療法食）　〈猫用〉　c/d　シーディー　マルチケア　コンフォート　チキン　ドライ,4
265,ヒルズ　プリスクリプション・ダイエット（特別療法食）　〈猫用〉　c/d　シーディー　マルチケア　チキン　ドライ,0.5
266,ヒルズ　プリスクリプション・ダイエット（特別療法食）　〈猫用〉　c/d　シーディー　マルチケア　チキン　ドライ,2
267,ヒルズ　プリスクリプション・ダイエット（特別療法食）　〈猫用〉　c/d　シーディー　マルチケア　チキン　ドライ,4
268,ヒルズ　プリスクリプション・ダイエット（特別療法食）　〈猫用〉　メタボリックス　ドライ,0.5
269,ヒルズ　プリスクリプション・ダイエット（特別療法食）　〈猫用〉　メタボリックス　ドライ,2
270,ヒルズ　プリスクリプション・ダイエット（特別療法食）　〈猫用〉　メタボリックス　ドライ,4
271,ヒルズ　プリスクリプション・ダイエット（特別療法食）　〈猫用〉　c/d　シーディー　マルチケア　フィッシュ入り　ドライ,0.5
272,ヒルズ　プリスクリプション・ダイエット（特別療法食）　〈猫用〉　c/d　シーディー　マルチケア　フィッシュ入り　ドライ,2
273,ヒルズ　プリスクリプション・ダイエット（特別療法食）　〈猫用〉　c/d　シーディー　マルチケア　フィッシュ入り　ドライ,4
274,ヒルズ　プリスクリプション・ダイエット（特別療法食）　〈猫用〉　c/d　シーディー　マルチケア　コンフォート　フィッシュ入り　ドライ,0.5
275,ヒルズ　プリスクリプション・ダイエット（特別療法食）　〈猫用〉　c/d　シーディー　マルチケア　コンフォート　フィッシュ入り　ドライ,2
276,ヒルズ　プリスクリプション・ダイエット（特別療法食）　〈猫用〉　i/d　アイディー　ドライ,0.5
277,ヒルズ　プリスクリプション・ダイエット（特別療法食）　〈猫用〉　i/d　アイディー　ドライ,2
278,メディファスアドバンス　2種の尿石ケア　子ねこから10歳まで　避妊・去勢後のケア　チキン＆フィッシュ味,0.2
279,メディファスアドバンス　2種の尿石ケア　子ねこから10歳まで　避妊・去勢後のケア　チキン＆フィッシュ味,1.25
280,メディファスアドバンス　2種の尿石ケア　1歳から　チキン＆フィッシュ味,1.25
281,メディファスアドバンス　2種の尿石ケア　1歳から　フィッシュ味,0.2
282,メディファスアドバンス　2種の尿石ケア　1歳から　フィッシュ味,1.25
283,メディファスアドバンス　グレインフリー　1歳から　チキン＆フィッシュ味,0.2
284,メディファスアドバンス　グレインフリー　1歳から　チキン＆フィッシュ味,1.25
285,メディファスアドバンス　グレインフリー　1歳から　フィッシュ味,1.25
286,メディファスアドバンス　食物アレルゲンケア　1歳から,0.2
287,メディファスアドバンス　食物アレルゲンケア　1歳から,1.5
288,メディファスアドバンス　腎臓の健康維持　7歳頃から,0.2
289,メディファスアドバンス　腎臓の健康維持　7歳頃から,1.5
290,メディファス　子ねこ　12か月まで　チキン味,0.75
291,メディファス　子ねこ　12か月まで　チキン味,1.5
292,メディファス　1歳から　チキン味,1.5
293,メディファス　1歳から　チキン味,3
294,メディファス　1歳から　チキン味,6
295,メディファス　1歳から　フィッシュ味,1.5
296,メディファス　1歳から　フィッシュ味,3
297,メディファス　1歳から　フィッシュ味,6
298,メディファス　7歳から　チキン味,1.5
299,メディファス　7歳から　チキン味,3
300,メディファス　7歳から　チキン味,6
301,メディファス　7歳から　フィッシュ味,1.5
302,メディファス　7歳から　フィッシュ味,3
303,メディファス　11歳から　チキン味,1.5
304,メディファス　11歳から　チキン味,3
305,メディファス　11歳から　チキン味,6
306,メディファス　室内猫　毛玉ケアプラス　1歳から　チキン＆フィッシュ味,0.705
307,メディファス　室内猫　毛玉ケアプラス　1歳から　チキン＆フィッシュ味,1.41
308,メディファス　室内猫　毛玉ケアプラス　1歳から　チキン＆フィッシュ味,2.7
309,メディファス　室内猫　毛玉ケアプラス　1歳から　チキン＆フィッシュ味,5.4
310,メディファス　室内猫　毛玉ケアプラス　7歳から　チキン＆フィッシュ味,0.705
311,メディファス　室内猫　毛玉ケアプラス　7歳から　チキン＆フィッシュ味,1.41
312,メディファス　室内猫　毛玉ケアプラス　7歳から　チキン＆フィッシュ味,2.7
313,メディファス　室内猫　毛玉ケアプラス　7歳から　チキン＆フィッシュ味,5.4
314,メディファス　室内猫　毛玉ケアプラス　11歳から　チキン＆フィッシュ味,0.705
315,メディファス　室内猫　毛玉ケアプラス　11歳から　チキン＆フィッシュ味,1.41
316,メディファス　室内猫　毛玉ケアプラス　11歳から　チキン＆フィッシュ味,2.7
317,メディファス　室内猫　毛玉ケアプラス　11歳から　チキン＆フィッシュ味,5.4
318,メディファス　満腹感ダイエット　1歳から　チキン＆フィッシュ味,1.41
319,メディファス　満腹感ダイエット　1歳から　チキン＆フィッシュ味,2.7
320,メディファス　満腹感ダイエット　1歳から　チキン＆フィッシュ味,5.4
321,メディファス　避妊・去勢後のケア　子ねこから10歳まで　チキン＆フィッシュ味,0.705
322,メディファス　避妊・去勢後のケア　子ねこから10歳まで　チキン＆フィッシュ味,1.41
323,メディファス　避妊・去勢後のケア　子ねこから10歳まで　チキン＆フィッシュ味,2.7
324,メディファス　避妊・去勢後のケア　子ねこから10歳まで　チキン＆フィッシュ味,5.4
325,ＪＰスタイル　和の究み　セレクトヘルスケア　下部尿路低カルシウム,1.4
326,ＪＰスタイル　和の究み　セレクトヘルスケア　腎臓ガード　かつお味,0.2
327,ＪＰスタイル　和の究み　セレクトヘルスケア　腎臓ガード　かつお味,0.7
328,ＪＰスタイル　和の究み　セレクトヘルスケア　腎臓ガード　かつお味,1.4
329,ＪＰスタイル　和の究み　セレクトヘルスケア　腎臓ガード　チキン味,0.2
330,ＪＰスタイル　和の究み　セレクトヘルスケア　腎臓ガード　チキン味,0.7
331,ＪＰスタイル　和の究み　セレクトヘルスケア　腎臓ガード　チキン味,1.4
