id,name,,,
1,GO!,,,
2,HAPPY CAT,,,
3,K9,,,
4,アーテミス,,,
5,アートゥー,,,
6,チャンピオンペットフーズ アカナ,,,
7,アディクション,,,
8,アニマル・ワン,,,
9,アニモンダ,,,
10,アボ・ダーム,,,
11,アルモネイチャー,,,
12,イースター,,,
13,イティ,,,
14,いなばペットフード,,,
15,ウィッシュ,,,
16,ウェルネス,,,
17,エクイリブリア,,,
18,オーブンベークド,,,
19,チャンピオンペットフーズ オリジン,,,
20,カトフ,,,
21,カントリーロード,,,
22,キアオラ,,,
23,ギャザー,,,
24,クプレラ,,,
25,グリーンフィッシュ,,,
26,サンデーペッツ,,,
27,ジウィピーク,,,
28,ソリッドゴールド,,,
29,ナウフレッシュ,,,
30,ナチュラルバランス,,,
31,ニュートライプ,,,
32,ネイチャーズハグ,,,
33,ネスレ ピュリナワン,,,
34,ネスレ モンプチ,,,
35,ビゴー&セージ,,,
36,ヒルズ サイエンスダイエット,,,
37,ファーストメイト,,,
38,フィッシュ4キャット,,,
39,フォルツァディエチ,,,
40,ブリスミックス,,,
41,ベッツソリューション,,,
42,ペットライン LUNA,,,
43,ペットライン キャネット,,,
44,ペットライン キャラット,,,
45,ペットライン ダイエティクス,,,
46,ペットライン ドクターズケア,,,
47,ペットライン プロフェッショナル・バランス,,,
48,ペットライン メディファス,,,
49,ペットライン 懐石,,,
50,ペットライン 和の究み,,,
51,ホリスティックレセピー,,,
52,マース アイムス,,,
53,マース シーバ,,,
54,マース ニュートロ,,,
55,マルカン サンライズ,,,
56,ミャウ,,,
57,ユニ・チャーム AllWell,,,
58,ユニ・チャーム Physicalife,,,
59,ユニ・チャーム ねこ元気,,,
60,ユニ・チャーム 銀のスプーン,,,
61,ラウズ,,,
62,リリーズキッチン,,,
63,レオナルド,,,
64,レティシアン,,,
65,ロイヤルカナン,,,
66,ロータス,,,
67,ワイソン,,,
68,日本ペットフード コンボ,,,
69,日本ペットフード ビューティープロキャット,,,
70,日本ペットフード ミオドライミックス,,,
71,日本ペットフード ラシーネ,,,
